"id","name","category","tevila","brocha","notes","debates","tags","image_url"
"toaster","Toaster","electric","yes","yes","Requires tevila with a brocha. The Teflon-coated rack that contacts food must be immersed.","Rav Moshe Feinstein (Igros Moshe YD 3:24) held a toaster is exempt because bread is already edible before entering, making it a question whether it qualifies as a keili seudah. CRC (Rav Schwartz) rules electrical appliances that would be ruined by immersion are exempt. STAR-K rules tevila without a brocha for Teflon-coated surfaces. Many poskim disagree with Rav Moshe and require tevila with a brocha.","toast, bread, electric",""
"toaster-oven","Toaster Oven","electric","yes","yes","The rack and tray require tevila with a brocha if food is placed directly on them. The heating element and chamber do not require tevila. If it will break from immersion, ask a Rav.","","toast, oven, electric, bake",""
"blender-mixer","Blender / Mixer","electric","yes","yes","Required even if the cup or bowl is made from an exempt material, because of the metal blades attached to the bottom. Motor/base does not require tevila. For a stand mixer, the brocha may depend on use: with a brocha if used for ready-to-eat food; without a brocha if only for raw dough.","Halachipedia: A mixer used only to mix foods not ready to eat immediately should be immersed without a brocha.","blend, mix, smoothie, electric",""
"immersion-blender","Immersion Blender (hand blender)","electric","yes","yes","Metal blades and attachments require tevila with a brocha. Motor handle does not.","","blend, stick blender, hand blender, electric",""
"food-processor","Food Processor","electric","yes","varies","Metal blades and glass/metal bowl require tevila. If used only to process foods that are not yet edible (e.g., raw dough), tevila without a brocha. If also used with ready-to-eat foods (e.g., fruits, vegetables), tevila with a brocha.","CRC marks food processor as tevila required, brocha depends on usage: with a brocha if sometimes used with meal-ready food, without a brocha if only for raw food.","processor, chop, electric",""
"coffee-maker","Coffee Maker (electric, e.g., Mr. Coffee)","electric","varies","varies","Requires tevila if it can withstand immersion. Glass carafe requires tevila with a brocha. If the machine will break from immersion, consult a Rav about alternatives (gift/borrow, or Jewish technician disassembly).","STAR-K: Does not require tevila if it will break if toveled, otherwise requires tevila with a brocha. Kashrut.com: Electric coffee makers (e.g., Mr. Coffee) require tevilah. CRC (Rav Schwartz): Electrical appliances that might be ruined are exempt.","coffee, electric, drip",""
"keurig","Keurig / Pod Machine","electric","varies","varies","According to many poskim, a Keurig does not require tevila because the water passes through a sealed K-Cup and does not contact the metal parts in a way that constitutes a keili seudah. It is preferable to sell to a non-Jew and borrow back.","Halachipedia: According to many poskim does not require tevila. STAR-K: Does not require tevila if it will break; otherwise with a brocha. Preferably sell to a non-Jew and borrow back to avoid the issue.","keurig, k-cup, coffee, pod, electric",""
"urn-metal","Hot Water Urn (metal, electric)","electric","yes","yes","A metal hot water urn requires tevila with a brocha. After immersion, let the appliance dry thoroughly for at least 48 hours before use. Some recommend using a blow-dryer to speed drying.","STAR-K and most poskim require full immersion with a brocha. CRC (Rav Schwartz) rules electrical appliances that might be ruined are exempt. Halachipedia: If impossible to tovel, one may give it to a non-Jew as a gift on condition that he lend it back.","urn, hot water, electric, shabbos",""
"crockpot","Crockpot / Slow Cooker","electric","varies","varies","Metal or glass insert → tevila with a brocha. Ceramic insert → tevila without a brocha. Glass lid → tevila with a brocha. Outer shell/base → no tevila.","","crock, slow cooker, electric",""
"george-foreman","George Foreman Grill / Electric Grill","electric","yes","no","Tevila without a brocha (Teflon-coated metal surfaces). If toveling will break it, consult a Rav.","","grill, electric, foreman",""
"sandwich-maker","Sandwich Maker / Panini Press","electric","varies","varies","Metal plates that contact food require tevila. Coated surfaces → without a brocha.","STAR-K: Tevila without a brocha (Teflon-coated). CRC: No tevila/no brocha (classified as electrical appliance that may be ruined). Other poskim require tevila.","sandwich, panini, press, electric",""
"waffle-maker","Waffle Maker","electric","yes","no","Tevila without a brocha because the metal cooking surfaces are Teflon-coated. If toveling will break it, consult a Rav.","","waffle, electric",""
"air-fryer","Air Fryer","electric","yes","varies","The metal basket that holds the food requires tevila (with a brocha if uncoated metal, without if coated). The outer housing is debated — some compare it to a pot cover since steam touches it; others say it's not direct food contact.","AskHalacha.com: The metal basket needs tevila since food goes directly in it. The outer box is more complicated — one can argue it's like a pot cover (requires tevila) or that it doesn't aid cooking directly. Consult a Rav.","air fryer, fry, electric",""
"instant-pot","Instant Pot / Electric Pressure Cooker","electric","yes","yes","The metal inner pot requires tevila with a brocha. The lid (metal with silicone ring) requires tevila with a brocha since steam contacts it. The electric base does not require tevila.","","instant pot, pressure cooker, electric",""
"rice-cooker-pot","Rice Cooker (metal insert)","electric","yes","yes","The metal insert requires tevila with a brocha. If coated with Teflon/non-stick, tevila without a brocha. Electric base does not require tevila.","","rice, cooker, electric",""
"popcorn-maker","Popcorn Maker (metal)","electric","yes","yes","Tevila with a brocha. If toveling will break it, consult a Rav.","","popcorn, electric",""
"electric-knife","Electric Knife","electric","yes","yes","The metal blade requires tevila with a brocha. The motor handle does not.","","knife, electric, carve",""
"hot-plate","Hot Plate / Platta","electric","no","no","Food does not contact the surface directly (pots are placed on it). No tevila required.","","hot plate, platta, shabbos, electric",""
"warming-tray","Warming Tray","electric","no","no","Food does not contact the surface directly. No tevila required.","","warming, tray, shabbos, electric",""
"immersion-heater","Immersion Heater","electric","no","no","Does not have direct food contact in the normal sense. No tevila.","Chelkas Yaakov 1:126 and 2:61 relies on the approach that plug-in items are 'attached to the ground' for immersion heaters specifically, though not for electric pots.","heater, electric, water",""
"microwave-turntable","Microwave Turntable (glass)","electric","yes","varies","If food is placed directly on the turntable → tevila with a brocha. If food is always in a container and never touches the turntable directly → tevila without a brocha.","STAR-K: Tevila without a brocha; with a brocha if food is placed directly on the turntable. Some poskim hold that since it's common to place food directly on it, one should tovel with a brocha.","microwave, turntable, glass, electric",""
"water-cooler","Water Cooler / Dispenser","electric","varies","varies","If completely plastic except for internal metal cooling pipes, debated whether tevila is required. If the metal pipe contacts the water that is dispensed for drinking, many require tevila without a brocha. Consult a Rav.","","water, cooler, dispenser, electric",""
"pot-metal-glass","Pot (metal or glass)","cooking","yes","varies","Uncoated metal or glass → tevila with a brocha. Teflon/enamel-coated metal → tevila without a brocha.","","pot, cook",""
"pot-cover","Pot Cover / Lid (metal or glass)","cooking","yes","yes","Requires tevila because steam rises and contacts the lid — this is considered direct food contact. Removable lids can be immersed separately.","","lid, cover, pot",""
"frying-pan","Frying Pan (metal)","cooking","yes","varies","Uncoated metal → tevila with a brocha. Teflon/non-stick coated → tevila without a brocha.","","pan, fry, skillet",""
"teflon-pan","Teflon-coated Pan","cooking","yes","no","Tevila without a brocha. The Teflon coating on the metal changes the brocha status.","","teflon, non-stick, pan, fry",""
"cast-iron-pot","Cast Iron Pot / Skillet","cooking","yes","yes","","","cast iron, pot, skillet",""
"baking-sheet","Baking / Cookie Sheet (metal)","cooking","yes","yes","","","baking, cookie, sheet, tray",""
"roasting-pan","Roasting Pan (metal)","cooking","yes","yes","","","roast, pan",""
"cupcake-muffin-pan","Cupcake / Muffin Pan (metal)","cooking","yes","yes","","","cupcake, muffin, bake, pan",""
"pyrex","Pyrex Cookware","cooking","yes","yes","Pyrex is halachically classified as glass. Tevila with a brocha.","","pyrex, glass, bake",""
"corningware","CorningWare","cooking","yes","no","Comprised mainly of glass/ceramic. Tevila without a brocha.","","corningware, corning, bake",""
"pressure-cooker-pot","Pressure Cooker Pot (stovetop, metal)","cooking","yes","yes","","","pressure, cooker, pot",""
"barbeque-grill","Barbeque Grill (grates/racks)","cooking","yes","yes","Racks/grates that contact food directly → tevila with a brocha. Other components (cover, body, wheels) → no tevila. Food-handling tools (tongs, spatula) → tevila with a brocha.","","bbq, grill, barbeque, rack",""
"chafing-dish","Chafing Dish","cooking","varies","varies","Food pan → tevila with a brocha. Cover → tevila with a brocha (steam rises to cover — considered food contact). Water pan → no tevila (no direct food contact).","","chafing, catering, warming",""
"colander-metal","Colander / Strainer (metal)","cooking","yes","yes","Used with cooked food that is ready to eat. Plastic colander → no tevila.","","colander, strainer, drain",""
"cooling-rack-metal","Cooling Rack (metal)","cooking","yes","no","Tevila without a brocha.","STAR-K: Tevila without a brocha. Your original data had 'no tevila' which appears to be incorrect based on the STAR-K chart. The food is already baked (ready to eat) when placed on the rack.","cooling, rack, bake",""
"blech","Blech","cooking","no","no","Food does not contact the blech surface directly (pots sit on it).","","blech, shabbos",""
"aluminum-tray-disposable","Aluminum Tray (disposable)","cooking","varies","varies","Standard disposable aluminum pans designed for one-time use do not require tevila since they are not considered permanent keilim.","Rav Moshe Feinstein (Igros Moshe YD 3:23): Disposable pans that don't last are not keilim and are exempt. STAR-K: Without a brocha if intended for one-time use; with a brocha if intended for multiple uses. CRC: No tevila regardless of how many times used. Mishneh Halachos 7:111 argues aluminum pans are obligated since they could be reused. Thicker/sturdier trays may have a stricter status.","aluminum, disposable, tray, pan",""
"silicone-bakeware","Silicone Bakeware","cooking","no","no","Silicone is not metal or glass. No tevila required.","","silicone, bake",""
"double-boiler","Double Boiler","cooking","varies","varies","The food pot (top) requires tevila with a brocha. The water pot (bottom) — if never used directly for food, no tevila; if sometimes used for food, tevila with a brocha.","","double boiler, pot",""
"cutlery-metal","Cutlery: Forks / Knives / Spoons (metal)","tableware","yes","yes","Knife used only for arts/crafts → no tevila.","","fork, knife, spoon, cutlery, silverware, flatware",""
"corelle-plate","Corelle Plate / Bowl","tableware","yes","yes","Corelle is halachically classified as glass. Tevila with a brocha.","","corelle, plate, bowl, dish",""
"china-glazed","China (glazed) / Bone China / Fine Porcelain","tableware","yes","no","Glazed china and bone china → tevila without a brocha.","Ashkenazi poskim generally require tevila without a brocha for glazed china. Sephardi poskim (based on Shulchan Aruch) may hold porcelain does not require tevila at all.","china, porcelain, bone china, dish, plate",""
"glasses-drinking","Drinking Glasses (glass or metal)","tableware","yes","yes","","","glass, cup, drink",""
"cup-mug","Cup / Mug","tableware","varies","varies","Metal or glass → tevila with a brocha. Glazed ceramic → tevila without a brocha. Plastic → no tevila.","","cup, mug, coffee, tea",""
"dishes-general","Dishes (general)","tableware","varies","varies","Metal or glass → with a brocha. Glazed ceramic → without a brocha. Plastic, wood → no tevila.","","dish, plate, bowl",""
"kiddush-cup-metal","Kiddush Cup (metal or glass)","tableware","yes","yes","Does not require tevila if manufactured in Eretz Yisrael by Jews. Requires tevila if manufactured outside Israel or sold through non-Jewish distributors.","STAR-K: Does not require tevila if manufactured in Israel but does require tevila if sold in Israel and manufactured elsewhere. If uncertain about the manufacturer, tevila without a brocha.","kiddush, cup, wine, shabbos",""
"kos-shel-eliyahu","Kos Shel Eliyahu (Elijah's Cup)","tableware","yes","no","Should be immersed without a brocha.","Halachipedia: One should immerse the Kos Shel Eliyahu used for the Seder night without a beracha.","eliyahu, seder, pesach, cup",""
"seder-plate","Seder Plate","tableware","varies","varies","If food directly touches the plate (metal/glass) → tevila required. If food sits in separate cups/holders and doesn't touch the plate → no tevila.","","seder, pesach, plate",""
"cake-plate","Cake Plate / Tray (metal or glass)","tableware","yes","yes","Plate requires tevila with a brocha even if cake is placed on a doily (the doily is considered negligible). Cake plate cover → no tevila.","","cake, plate, tray, serving",""
"serving-tray-metal","Serving Tray (metal)","tableware","yes","yes","","","serving, tray",""
"challah-board","Challah Board","tableware","varies","varies","Metal board or glass-top on wood → tevila with a brocha. Plain wood or plastic → no tevila.","","challah, bread, board, shabbos",""
"sugar-bowl","Sugar Bowl (metal or glass)","tableware","yes","varies","If brought to the table → tevila with a brocha. If used only to store sugar and not brought to the table → tevila without a brocha.","","sugar, bowl",""
"salt-shaker","Salt / Pepper Shaker (metal or glass)","tableware","yes","yes","Metal or glass salt cellar/shaker brought to the table requires tevila with a brocha. Metal cap on a plastic body → tevila without a brocha.","","salt, pepper, shaker, cellar",""
"candy-dish","Candy Dish (metal or glass)","tableware","varies","varies","If food contacts the dish → tevila required; the brocha depends on material. If food never contacts the dish → no tevila.","","candy, dish",""
"plastic-utensil","Plastic Utensils / Dishes","tableware","no","no","Common custom is that plastic does not require tevila.","Some authorities argue that similarities between glass and plastic should require tevila. The widespread minhag, however, is to exempt plastic entirely. Some are machmir to tovel without a brocha.","plastic, disposable",""
"cutting-board-metal-glass","Cutting Board (metal or glass)","tableware","yes","yes","Plastic or wood cutting board → no tevila (though some who are strict tovel without a brocha will be blessed).","","cutting, board",""
"peeler","Peeler (metal blade)","food-prep","yes","varies","If used with meal-ready food (e.g., carrots, apples) → tevila with a brocha. If used only with food that requires further cooking (e.g., potatoes only) → tevila without a brocha. Even if handle is plastic, the metal blade determines the requirement.","CRC: With a brocha if sometimes used for meal-ready food; without a brocha if only for foods requiring further cooking.","peeler, peel",""
"grater-metal","Grater (metal)","food-prep","yes","varies","If used for ready-to-eat foods (cheese, vegetables) → tevila with a brocha. If only for foods needing further cooking → without a brocha.","","grater, cheese, grate",""
"apple-corer-metal","Apple Corer (metal)","food-prep","yes","yes","","","apple, corer",""
"cheese-slicer-metal","Cheese Slicer (metal)","food-prep","yes","yes","","","cheese, slicer",""
"egg-slicer-metal","Egg Slicer (metal)","food-prep","yes","yes","","","egg, slicer",""
"melon-baller-metal","Melon Baller (metal)","food-prep","yes","yes","","","melon, baller",""
"ice-cream-scooper","Ice Cream Scooper (metal)","food-prep","yes","yes","","","ice cream, scooper",""
"pizza-cutter","Pizza Cutter (metal)","food-prep","yes","yes","","","pizza, cutter",""
"cookie-cutter","Cookie Cutter (metal)","food-prep","varies","varies","If used only with raw, inedible dough → no tevila. If sometimes used to cut ready-to-eat food → tevila without a brocha.","STAR-K (Shach YD 120:11): No tevila if only used with food that is not edible. CRC: Tevila required, without a brocha. The Taz 120:7 disagrees with the Shach; STAR-K follows the Chochmas Adam 73:9 who paskens like the Shach.","cookie, cutter, dough",""
"scissors-shears","Scissors / Shears (kitchen, metal)","food-prep","yes","varies","If used to cut edible/ready-to-eat food → tevila with a brocha. If used only for raw food (e.g., cutting raw meat) → tevila without a brocha.","","scissors, shears, cut",""
"ladle-metal","Ladle (metal)","food-prep","yes","yes","","","ladle, soup, serve",""
"skewer-metal","Skewer (metal)","food-prep","yes","yes","Wood or bamboo skewers → no tevila.","","skewer, kebab",""
"corn-skewers","Corn Skewers / Holders (metal prongs)","food-prep","yes","yes","","","corn, holder, skewer",""
"sieve-metal","Sieve / Strainer (metal)","food-prep","yes","yes","","","sieve, strainer",""
"measuring-cup-glass","Measuring Cup (glass or metal)","food-prep","yes","yes","Metal or glass measuring cup requires tevila with a brocha. Plastic measuring cup → no tevila.","","measuring, cup",""
"measuring-spoon-metal","Measuring Spoon (metal)","food-prep","yes","no","Tevila without a brocha.","STAR-K (Sefer Tevilas Keilim 11:77): Tevila without a brocha. This may be because it is typically used for measuring raw ingredients rather than serving edible food.","measuring, spoon",""
"mixing-bowl-metal","Mixing Bowl (metal)","food-prep","yes","yes","","","bowl, mixing",""
"meat-grinder","Meat Grinder (metal attachments)","food-prep","yes","varies","If used only for raw meat → tevila without a brocha. If also used for cooked/ready-to-eat food → tevila with a brocha.","","grinder, meat",""
"ceramic-knife","Ceramic Knife","food-prep","varies","no","Tevila without a brocha according to most poskim. Some hold ceramic knives require no tevila at all.","STAR-K: Tevila without a brocha. Some poskim hold ceramics don't require tevila since they are neither metal nor glass.","ceramic, knife",""
"nutcracker","Nutcracker (metal)","food-prep","yes","varies","If used for nuts brought to the table in their shells → tevila with a brocha. If used for nuts not brought to the table in shells → tevila without a brocha.","","nut, cracker",""
"peppermill","Peppermill","food-prep","yes","no","Tevila without a brocha.","","pepper, mill, grinder",""
"meat-tenderizer-hammer","Meat Tenderizer (metal hammer)","food-prep","yes","no","A wooden hammer with metal on the bottom used for beating meat. Tevila without a brocha, since it is used in the initial stages of food preparation.","","tenderizer, hammer, meat",""
"bottle-metal-glass","Bottle (metal or glass, reusable)","drinks-bottles","yes","yes","If a bottle was purchased filled with food/drink and subsequently emptied by a Jew → generally no tevila required for that bottle.","Rav Moshe (Igros Moshe YD 2:40): A Jew who opens a sealed bottle is considered the one who created the keili, so no tevila. Rav Hershel Schachter: One must pour the contents into another vessel before drinking. Sridei Esh: Have in mind not to acquire the bottle. This dispute applies to all glass bottles bought with drinks (e.g., Snapple).","bottle, water, drink",""
"snapple-bottle","Snapple / Glass Drink Bottle (purchased full)","drinks-bottles","varies","varies","A famous practical shailah. The question is whether one may drink directly from the glass bottle after opening it.","Rav Moshe Feinstein (Igros Moshe YD 2:40): The Jew who opens the bottle is considered the creator of the keili — no tevila needed, may drink directly. Rav Hershel Schachter: Forbidden to drink from the bottle; pour into another vessel. Sridei Esh (YD 2:29): Have in mind not to acquire the bottle. Chacham Ben-Zion Abba Shaul (Or Litzion OC 1:24): Agrees with Rav Moshe. Rav Menashe Klein (Mishne Halachos 4:107): Permitted since no one intends to acquire a prohibited item.","snapple, bottle, glass, drink",""
"can-metal","Metal Can (purchased with food)","drinks-bottles","varies","varies","If bought filled with food and subsequently emptied by a Jew → no tevila. If reusing a metal can for other food → tevila with a brocha. Some poskim permit reuse of a tin can opened by a Jew without tevila.","","can, tin, soda",""
"kettle","Kettle (stovetop, metal or glass)","drinks-bottles","yes","yes","","","kettle, tea, boil",""
"thermos","Thermos","drinks-bottles","yes","yes","Metal or glass thermos → tevila with a brocha. Thermos with a plastic casing and removable metal/glass insert → the insert requires tevila with a brocha; the casing does not. Should preferably be immersed assembled.","","thermos, flask, insulated",""
"washing-cup-metal","Washing Cup / Netilas Yadayim Cup (metal)","drinks-bottles","no","no","If used only for netilas yadayim (hand-washing), no tevila is required. It is not a keili seudah.","","washing, cup, netilat yadayim, netilas",""
"storage-container","Storage Container (metal or glass)","storage-misc","yes","varies","If used only for storage and never brought to the table → tevila without a brocha. If also used at the table for serving (e.g., a pitcher) → tevila with a brocha.","","storage, container",""
"bread-box","Bread Box (metal)","storage-misc","yes","no","Storage vessel → tevila without a brocha.","","bread, box, storage",""
"can-opener","Can Opener","storage-misc","no","no","No direct food contact. No tevila.","","can, opener",""
"corkscrew","Corkscrew","storage-misc","no","no","No direct food contact. No tevila.","","corkscrew, wine, opener",""
"coffee-grinder","Coffee Grinder (manual)","storage-misc","yes","no","Requires tevila without a brocha. Coffee is not edible in its ground state, so a brocha is not recited.","","coffee, grinder",""
"flour-sifter","Flour Sifter","storage-misc","yes","no","A sifter with a metal net requires tevila without a brocha, even if the frame is made from exempt material. Flour is not ready-to-eat, so a brocha is not recited.","","flour, sifter",""
"rolling-pin","Rolling Pin (metal) / Kneading Trough","storage-misc","yes","no","Metal kneading utensils — rolling pins, kneading troughs — require tevila without a brocha. Used in the initial stages of food preparation, not with ready-to-eat food. Wooden or plastic rolling pins do not require tevila.","","rolling, pin, dough, kneading",""
"brush-kitchen","Brush (grill / pastry / egg yolk)","storage-misc","no","no","Brushes are not keilim in the halachic sense. No tevila.","","brush, pastry, grill",""
"dish-rack","Dish Rack","storage-misc","no","no","","","dish, rack, drying",""
"sink-rack","Sink Rack","storage-misc","no","no","","","sink, rack",""
"spoon-rest","Spoon Rest","storage-misc","no","no","No direct food contact. No tevila.","","spoon, rest",""
"trivet","Trivet","storage-misc","no","no","No tevila if food does not contact the surface. Pots are placed on the trivet.","","trivet",""
"oven-rack","Oven Rack","storage-misc","no","no","Food does not normally contact the oven rack directly (it sits in pans). No tevila. See toaster oven for different ruling.","","oven, rack",""
"knife-sharpener","Knife Sharpener","storage-misc","no","no","No food contact. No tevila.","","knife, sharpener",""
"meat-thermometer","Meat Thermometer","storage-misc","no","no","Used to measure temperature, not as a food-preparation vessel. No tevila.","","thermometer, meat, temperature",""
"dentures","Dentures","storage-misc","no","no","Not considered a keili. No tevila.","","dentures, teeth",""
"medicine-spoon","Medicine Spoon (metal or glass)","storage-misc","yes","varies","If used solely for medicine → tevila without a brocha. If also used for other purposes → tevila with a brocha.","","medicine, spoon",""
"wooden-cask","Wooden Cask / Barrel","storage-misc","varies","no","Plain wood → no tevila. If it has metal straps/bands → tevila without a brocha.","","wood, barrel, cask, wine",""
"pocketknife","Pocketknife","storage-misc","yes","yes","Requires tevila if used for food. Should be immersed in the open position so water reaches all areas. If only used for non-food purposes → no tevila.","","pocket, knife",""
"axe","Axe (for carving animals)","food-prep","yes","no","Specifically an axe used for carving up the body of an animal. Tevila without a brocha, since it is used in the initial stages of food preparation, not with ready-to-eat food.","","axe, butcher, meat",""
"baby-bottle","Baby Bottle","drinks-bottles","yes","yes","Metal, glass, or Pyrex baby bottles require tevila with a brocha. A bottle used only to heat milk in the bottle (not for drinking directly) does not require tevila.","Some authorities require tevila without a brocha for plastic bottles. Others fully exempt plastic.","baby, bottle, infant",""
"bakers-shovel","Baker's Shovel","food-prep","yes","no","Tevila without a brocha. Used in the initial stages of baking, not with ready-to-eat food.","","baker, shovel, bread, dough",""
"bottle-stopper","Bottle Stopper / Cork","drinks-bottles","yes","no","Required if made from a material needing tevila and the liquid in the bottle touches the bottom of the stopper. Tevila without a brocha.","","stopper, cork, bottle",""
"butter-dish","Butter Dish (metal or glass)","tableware","yes","yes","Tevila with a brocha. Food directly contacts the dish.","","butter, dish",""
"coffee-percolator","Coffee Percolator (stovetop)","drinks-bottles","yes","yes","Metal stovetop percolator requires tevila with a brocha. Parts that contact the liquid directly are obligated.","","coffee, percolator, stovetop",""
"cupboard-shelves","Cupboard / Refrigerator Shelves","storage-misc","no","no","Storage cupboards, shelves, and drawers do not require tevila, even if food is placed directly on them.","HaGaon Rav Moshe Stern requires tevila for refrigerator drawers, but concludes one should not be forced to change the customary practice of exempting them.","cupboard, shelves, refrigerator, drawers, storage",""
"dishwasher","Dishwasher","electric","no","no","A utensil used for kashering or rinsing out other utensils (hag'alah utensil) does not require tevila. The dishwasher is a cleaning appliance, not a food-use vessel.","","dishwasher, wash, electric",""
"dotting-wheel","Dotting Wheel (matzah perforator)","food-prep","yes","no","Used for perforating matzoth or dough. Tevila without a brocha, since it is used with food that is not yet edible.","","dotting, wheel, matzah, dough, perforator",""
"drill-barrel","Drill (for boring barrels)","storage-misc","no","no","Used for boring a hole in a barrel to extract liquid. Does not require tevila.","The Maharil and Yosef Ometz rule tevila is required, but the Shakh rejects their view.","drill, barrel, borer",""
"earthenware-coated","Earthenware (coated)","storage-misc","varies","varies","Uncoated earthenware: no tevila. Coated with metal inside & out (functional): tevila with a brocha. Coated both sides (ornamental only) or inside only: tevila without a brocha. Coated only outside: no tevila. Glazed/coated with glass inside & out: tevila without a brocha.","","earthenware, clay, coated, ceramic",""
"egg-cup","Egg Cup (metal or glass)","tableware","yes","yes","Used for holding and serving soft-boiled eggs. Food directly contacts the cup. Tevila with a brocha.","","egg, cup, soft-boiled",""
"egg-cooker","Egg Cooker","cooking","yes","no","Designated for cooking eggs in their shells. Tevila without a brocha, since the food (egg in shell) does not directly contact the cooking surface in the normal sense.","","egg, cooker, boil",""
"espresso-machine","Espresso Machine","electric","varies","varies","Only the parts that come in direct contact with liquid require tevila. The portafilter and brew head require tevila with a brocha; other metal parts that only contact steam may require tevila without a brocha. Consult a Rav.","","espresso, coffee, electric, machine",""
"finjan","Finjan (metal coffee pot)","drinks-bottles","yes","yes","A small metal pot used for brewing Turkish-style coffee. Requires tevila with a brocha since food/drink directly contacts the metal.","","finjan, coffee, turkish, metal",""
"funnel-metal","Funnel (metal)","food-prep","yes","yes","A metal funnel requires tevila with a brocha. A funnel made from wood does not require tevila, even if it has a metal tube.","","funnel, pour, metal",""
"glass-holder","Glass Holder","tableware","no","no","Holders for glasses do not require tevila, as food does not contact the holder itself.","","glass, holder, sleeve",""
"hagalah-vessel","Hag'alah Utensil (kashering vessel)","storage-misc","no","no","A utensil used exclusively for kashering or rinsing other utensils does not require tevila, since it is not used for food directly.","","hagalah, kashering, vessel",""
"ice-cube-tray","Ice Cube Tray (metal)","storage-misc","yes","yes","Metal ice cube trays require tevila with a brocha. Plastic ice cube trays do not require tevila.","","ice, cube, tray, freezer",""
"mortar-pestle","Mortar & Pestle","food-prep","varies","varies","Metal mortar: if used for spices not otherwise edible without crushing, some rule no brocha; if used for salt or food edible without crushing, a brocha is recited. Wooden or plastic mortar with metal attached: if it functions without the metal, no tevila; if it cannot function without the metal, it is treated as a metal utensil.","","mortar, pestle, grind, spice",""
"needle-stuffing","Needle (for stuffing)","food-prep","yes","no","Specifically a needle used for sewing necks and intestines stuffed with flour and oil. Tevila without a brocha.","","needle, stuffing, sew",""
"net-cooking","Cooking Net / Wire Basket","cooking","varies","varies","A net placed in a kettle to collect limestone: no tevila. A net used for deep frying, steam cooking, or grilling (direct food contact): tevila with a brocha.","","net, basket, wire, fry, steam",""
"oven-general","Oven (food-touching parts)","cooking","yes","yes","All parts of the oven that come into direct contact with food require tevila with a brocha: baking trays, grill nets, revolving spit, etc. The oven body itself (which does not touch food directly) does not require tevila.","","oven, rack, tray, grill, spit",""
"pail-meat","Pail (for soaking meat)","cooking","yes","no","A pail used for soaking meat before or after salting requires tevila without a brocha, since it is used in the initial food-preparation stage, not with ready-to-eat food.","","pail, bucket, meat, soak, salt",""
"potato-masher","Vegetable / Potato Masher","food-prep","yes","yes","Used for mashing cooked potatoes and other vegetables. Since it contacts ready-to-eat food, tevila with a brocha is required.","","masher, potato, vegetable, mash",""
"refrigerator","Refrigerator / Freezer","storage-misc","no","no","Even if food is placed directly on the shelves, it is not customary to immerse a refrigerator or its internal shelves. See also Cupboard / Refrigerator Shelves.","","refrigerator, freezer, fridge",""
"saw-animal","Saw (for animal butchering)","food-prep","yes","no","Used for dissecting the body of an animal. Tevila without a brocha, since it is used in the initial stages of food preparation.","","saw, butcher, animal, meat",""
"scales-food","Food Scales","storage-misc","yes","no","The parts of food scales that touch food directly require tevila without a brocha.","","scales, weights, food, measure",""
"sheath","Knife Sheath / Scabbard","storage-misc","no","no","A sheath for storing knives does not require tevila, since food does not contact the sheath.","","sheath, scabbard, knife, holster",""
"spatula","Spatula (metal)","food-prep","yes","yes","A metal spatula contacts food directly. Tevila with a brocha required.","","spatula, flip, turner",""
"spit-roasting","Roasting Spit (metal)","cooking","yes","yes","A metal spit used for roasting. Food is impaled directly on it. Tevila with a brocha required.","","spit, roast, rotisserie",""
"squeezer","Fruit / Vegetable Squeezer (metal)","food-prep","yes","yes","A fruit or carrot squeezer. Food contacts the metal directly. Tevila with a brocha required.","","squeezer, juicer, fruit, carrot",""
"steam-utensil","Steam Utensil (large)","cooking","varies","no","There is a controversy over whether a large steam utensil that is attached to the ground requires tevila. If tevila is required, it is without a brocha. Consult a Rav.","","steam, steamer, large",""
"syringe-cake","Cake Syringe / Decorator","food-prep","yes","yes","A syringe used for filling or covering cakes with jam or cream. Food contacts the metal directly. Tevila with a brocha required.","","syringe, cake, decorator, icing, jam",""
"table-metal","Metal Table","storage-misc","varies","no","Some authorities require tevila of a metal table on which food is occasionally placed directly. A wooden table with metal legs, or a metal table on which food is only placed in plates or bowls, is exempt according to all opinions.","","table, metal, surface",""
"taps","Taps / Spigots (on barrels)","storage-misc","varies","no","Taps of barrels require tevila only if the barrel itself requires tevila. Taps of kitchen sinks do not require tevila.","","tap, spigot, faucet, barrel",""
"teapot","Teapot (metal or glass)","drinks-bottles","yes","yes","A teapot brought to the table requires tevila with a brocha. Liquid directly contacts the metal or glass interior.","","teapot, tea, kettle, brew",""
"tongs","Tongs (serving / food)","food-prep","yes","yes","Tongs used for sugar, ice cubes, or serving food. Food contacts the metal directly. Tevila with a brocha required.","","tongs, serving, sugar, ice",""
"tube-food","Metal Tube (purchased with food inside)","storage-misc","no","no","When purchasing a metal tube with food already inside, there is no need to extract the food to immerse it before initial use. Once the tube is emptied and reused for food, tevila is required.","","tube, container, metal, food",""
"water-tank","Water Tank / Solar Boiler","storage-misc","no","no","Water tanks and solar boilers do not require tevila.","","water, tank, boiler, solar",""
"material-wicker","Wicker Utensils","storage-misc","no","no","Wicker is a type of wood. Wicker utensils do not require tevila.","","wicker, basket, wood",""
"material-ivory","Ivory Utensils","storage-misc","no","no","Ivory utensils do not require tevila.","","ivory, bone, material",""
"material-marble","Marble Utensils","storage-misc","no","no","Marble utensils do not require tevila.","","marble, stone, material",""
"material-leather","Leather Utensils","storage-misc","no","no","Leather utensils do not require tevila.","","leather, hide, material",""
"material-stone","Stone Utensils","storage-misc","no","no","Stone utensils do not require tevila.","","stone, rock, marble, material",""
"tablecloth","Tablecloth / Napkins","storage-misc","no","no","Tablecloths and napkins do not require tevila.","","tablecloth, napkin, linen",""
"shopping-bag","Shopping / Food Bags","storage-misc","no","no","Bags used to carry food (not for storage) do not require tevila, even if made from a material that normally requires tevila.","","bag, shopping, carry, food",""
"material-shell","Shell Utensils","storage-misc","no","no","Shell utensils do not require tevila.","","shell, material",""
